Methode;Erreur_Moyenne;MAD;Ai;Methode_Retenue
Moyenne mobile 3p;2.682539682539683;9.920634920634921;5.6784;False
Moyenne mobile ponderee;2.3862433862433856;9.423280423280424;5.317798989331834;False
Lissage exponentiel;3.8508766681374085;7.954847535173143;11.618203821839332;True
